,Name,Brand,Price,Image Url,Product Url
0,Numeric 379 suede trainers,Junya Watanabe x New Balance,"Rs14,595",https://assetsprx.matchesfashion.com/img/product/1365226_1_large.jpg,https://www.matchesfashion.com//intl/products/Junya-Watanabe-x-New-Balance-Numeric-379-suede-trainers-1365226
1,Dellow bouclé trainers,Stepney Workers Club,"Rs7,485",https://assetsprx.matchesfashion.com/img/product/1378423_1_large.jpg,https://www.matchesfashion.com//intl/products/Stepney-Workers-Club-Dellow-boucl%C3%A9-trainers-1378423
2,Dellow bouclé trainers,Stepney Workers Club,"Rs7,485",https://assetsprx.matchesfashion.com/img/product/1378422_1_large.jpg,https://www.matchesfashion.com//intl/products/Stepney-Workers-Club-Dellow-boucl%C3%A9-trainers-1378422
3,Numeric 379 suede trainers,Junya Watanabe x New Balance,"Rs14,595",https://assetsprx.matchesfashion.com/img/product/1365224_1_large.jpg,https://www.matchesfashion.com//intl/products/Junya-Watanabe-x-New-Balance-Numeric-379-suede-trainers-1365224
4,Mike zip-up suede Chelsea boots,Balmain,"Rs59,235",https://assetsprx.matchesfashion.com/img/product/1354923_1_large.jpg,https://www.matchesfashion.com//intl/products/Balmain-Mike-zip-up-suede-Chelsea-boots-1354923
5,Monogram-debossed leather ranger boots,Balmain,"Rs74,970",https://assetsprx.matchesfashion.com/img/product/1354922_1_large.jpg,https://www.matchesfashion.com//intl/products/Balmain-Monogram-debossed-leather-ranger-boots-1354922
6,Neoprene and leather combat boots,Givenchy,"Rs69,090",https://assetsprx.matchesfashion.com/img/product/1354447_1_large.jpg,https://www.matchesfashion.com//intl/products/Givenchy-Neoprene-and-leather-combat-boots-1354447
7,Point-toe suede Chelsea boots,Amiri,"Rs63,120",https://assetsprx.matchesfashion.com/img/product/1352618_1_large.jpg,https://www.matchesfashion.com//intl/products/Amiri-Point-toe-suede-Chelsea-boots-1352618
8,Wing clear-shell trainers,Givenchy,"Rs51,275",https://assetsprx.matchesfashion.com/img/product/1354464_1_large.jpg,https://www.matchesfashion.com//intl/products/Givenchy-Wing-clear-shell-trainers-1354464
9,Urban Street logo-print canvas trainers,Givenchy,"Rs33,550",https://assetsprx.matchesfashion.com/img/product/1354458_1_large.jpg,https://www.matchesfashion.com//intl/products/Givenchy-Urban-Street-logo-print-canvas-trainers-1354458
10,Spectre leather-trimmed runner trainers,Givenchy,"Rs43,410",https://assetsprx.matchesfashion.com/img/product/1354456_1_large.jpg,https://www.matchesfashion.com//intl/products/Givenchy-Spectre-leather-trimmed-runner-trainers-1354456
11,Spectre leather-trimmed runner trainers	,Givenchy,"Rs43,410",https://assetsprx.matchesfashion.com/img/product/1354455_1_large.jpg,https://www.matchesfashion.com//intl/products/Givenchy-Spectre-leather-trimmed-runner-trainers%09-1354455
12,B-Court leather trainers,Balmain,"Rs37,435",https://assetsprx.matchesfashion.com/img/product/1354927_1_large.jpg,https://www.matchesfashion.com//intl/products/Balmain-B-Court-leather-trainers-1354927
13,B-Court leather trainers,Balmain,"Rs37,435",https://assetsprx.matchesfashion.com/img/product/1354926_1_large.jpg,https://www.matchesfashion.com//intl/products/Balmain-B-Court-leather-trainers-1354926
14,Spectre logo-print PVC trainers,Givenchy,"Rs51,275",https://assetsprx.matchesfashion.com/img/product/1354466_1_large.jpg,https://www.matchesfashion.com//intl/products/Givenchy-Spectre-logo-print-PVC-trainers-1354466
15,Spectre mesh-panel trainers,Givenchy,"Rs51,275",https://assetsprx.matchesfashion.com/img/product/1354453_1_large.jpg,https://www.matchesfashion.com//intl/products/Givenchy-Spectre-mesh-panel-trainers-1354453
16,Elkstone grained-leather derby shoes,Church's,"Rs36,300",https://assetsprx.matchesfashion.com/img/product/1357554_1_large.jpg,https://www.matchesfashion.com//intl/products/Church%27s-Elkstone-grained-leather-derby-shoes-1357554
17,Pembrey rubber-sole leather penny loafers,Church's,"Rs35,540",https://assetsprx.matchesfashion.com/img/product/1357540_1_large.jpg,https://www.matchesfashion.com//intl/products/Church%27s-Pembrey-rubber-sole-leather-penny-loafers-1357540
18,Metal-plaque leather derby shoes,Balmain,"Rs59,235",https://assetsprx.matchesfashion.com/img/product/1354924_1_large.jpg,https://www.matchesfashion.com//intl/products/Balmain-Metal-plaque-leather-derby-shoes-1354924
19,Logo-debossed patent-leather loafers,Givenchy,"Rs45,400",https://assetsprx.matchesfashion.com/img/product/1354451_1_large.jpg,https://www.matchesfashion.com//intl/products/Givenchy-Logo-debossed-patent-leather-loafers-1354451
20,Superstar leather trainers,Golden Goose,"Rs26,820",https://assetsprx.matchesfashion.com/img/product/1392425_1_large.jpg,https://www.matchesfashion.com//intl/products/Golden-Goose-Superstar-leather-trainers-1392425
21,Superstar distressed-leather trainers,Golden Goose,"Rs26,820",https://assetsprx.matchesfashion.com/img/product/1392424_1_large.jpg,https://www.matchesfashion.com//intl/products/Golden-Goose-Superstar-distressed-leather-trainers-1392424
22,Superstar distressed-leather trainers,Golden Goose,"Rs26,820",https://assetsprx.matchesfashion.com/img/product/1392423_1_large.jpg,https://www.matchesfashion.com//intl/products/Golden-Goose-Superstar-distressed-leather-trainers-1392423
23,Superstar leather trainers,Golden Goose,"Rs26,820",https://assetsprx.matchesfashion.com/img/product/1392422_1_large.jpg,https://www.matchesfashion.com//intl/products/Golden-Goose-Superstar-leather-trainers-1392422
24,Soccer logo-print quilted faux-leather trainers,Balenciaga,"Rs39,050",https://assetsprx.matchesfashion.com/img/product/1381486_1_large.jpg,https://www.matchesfashion.com//intl/products/Balenciaga-Soccer-logo-print-quilted-faux-leather-trainers-1381486
25,Ace Mickey Mouse canvas trainers,Gucci,"Rs41,415",https://assetsprx.matchesfashion.com/img/product/1356194_1_large.jpg,https://www.matchesfashion.com//intl/products/Gucci-Ace-Mickey-Mouse-canvas-trainers-1356194
26,Gumboy leather trainers,Valentino Garavani,"Rs38,670",https://assetsprx.matchesfashion.com/img/product/1356050_1_large.jpg,https://www.matchesfashion.com//intl/products/Valentino-Garavani-Gumboy-leather-trainers-1356050
27,Rhyton logo Mickey Mouse-print leather trainers,Gucci,"Rs55,255",https://assetsprx.matchesfashion.com/img/product/1356192_1_large.jpg,https://www.matchesfashion.com//intl/products/Gucci-Rhyton-logo-Mickey-Mouse-print-leather-trainers-1356192
28,Zipped leather ankle boots,Maison Margiela,"Rs56,390",https://assetsprx.matchesfashion.com/img/product/1356533_1_large.jpg,https://www.matchesfashion.com//intl/products/Maison-Margiela-Zipped-leather-ankle-boots-1356533
29,Colin leather Chelsea boots,Santoni,"Rs63,120",https://assetsprx.matchesfashion.com/img/product/1370508_1_large.jpg,https://www.matchesfashion.com//intl/products/Santoni-Colin-leather-Chelsea-boots-1370508
30,Tabi split-toe leather Chelsea boots,Maison Margiela,"Rs63,500",https://assetsprx.matchesfashion.com/img/product/1356526_1_large.jpg,https://www.matchesfashion.com//intl/products/Maison-Margiela-Tabi-split-toe-leather-Chelsea-boots-1356526
31,VLTN-logo leather boots,Valentino Garavani,"Rs42,650",https://assetsprx.matchesfashion.com/img/product/1356046_1_large.jpg,https://www.matchesfashion.com//intl/products/Valentino-Garavani-VLTN-logo-leather-boots-1356046
32,Murton R buffed-leather derby shoes,Cheaney,"Rs31,180",https://assetsprx.matchesfashion.com/img/product/1374812_1_large.jpg,https://www.matchesfashion.com//intl/products/Cheaney-Murton-R-buffed-leather-derby-shoes-1374812
33,Bexhill leather brogue derby shoes,Cheaney,"Rs29,950",https://assetsprx.matchesfashion.com/img/product/1374811_1_large.jpg,https://www.matchesfashion.com//intl/products/Cheaney-Bexhill-leather-brogue-derby-shoes-1374811
34,Avon suede brogue Derby shoes,Cheaney,"Rs27,580",https://assetsprx.matchesfashion.com/img/product/1374809_1_large.jpg,https://www.matchesfashion.com//intl/products/Cheaney-Avon-suede-brogue-Derby-shoes-1374809
35,Hosforth EF suede derby shoes,Cheaney,"Rs29,950",https://assetsprx.matchesfashion.com/img/product/1374808_1_large.jpg,https://www.matchesfashion.com//intl/products/Cheaney-Hosforth-EF-suede-derby-shoes-1374808
36,Chunky-sole leather Derby shoes,Bottega Veneta,"Rs54,025",https://assetsprx.matchesfashion.com/img/product/1362343_1_large.jpg,https://www.matchesfashion.com//intl/products/Bottega-Veneta-Chunky-sole-leather-Derby-shoes-1362343
37,Transparent-sole leather derby shoes,Bottega Veneta,"Rs54,025",https://assetsprx.matchesfashion.com/img/product/1362342_1_large.jpg,https://www.matchesfashion.com//intl/products/Bottega-Veneta-Transparent-sole-leather-derby-shoes-1362342
38,Transparent-sole leather loafers,Bottega Veneta,"Rs59,235",https://assetsprx.matchesfashion.com/img/product/1362341_1_large.jpg,https://www.matchesfashion.com//intl/products/Bottega-Veneta-Transparent-sole-leather-loafers-1362341
39,BV Stilt chunky-sole leather derby shoes,Bottega Veneta,"Rs59,235",https://assetsprx.matchesfashion.com/img/product/1362337_1_large.jpg,https://www.matchesfashion.com//intl/products/Bottega-Veneta-BV-Stilt-chunky-sole-leather-derby-shoes-1362337
40,Richmond suede boots,Cheaney,"Rs31,180",https://assetsprx.matchesfashion.com/img/product/1374821_1_large.jpg,https://www.matchesfashion.com//intl/products/Cheaney-Richmond-suede-boots-1374821
41,Trafalgar leather boots,Cheaney,"Rs31,180",https://assetsprx.matchesfashion.com/img/product/1374816_1_large.jpg,https://www.matchesfashion.com//intl/products/Cheaney-Trafalgar-leather-boots-1374816
42,Alder leather boots,John Lobb,"Rs109,750",https://assetsprx.matchesfashion.com/img/product/1370539_1_large.jpg,https://www.matchesfashion.com//intl/products/John-Lobb-Alder-leather-boots-1370539
43,Exaggerated-sole suede boots,Alexander McQueen,"Rs45,775",https://assetsprx.matchesfashion.com/img/product/1355629_1_large.jpg,https://www.matchesfashion.com//intl/products/Alexander-McQueen-Exaggerated-sole-suede-boots-1355629
44,Skeleton leather-appliqué slip-on canvas trainers,Amiri,"Rs36,300",https://assetsprx.matchesfashion.com/img/product/1352622_1_large.jpg,https://www.matchesfashion.com//intl/products/Amiri-Skeleton-leather-appliqu%C3%A9-slip-on-canvas-trainers-1352622
45,Embroidered frond-print slip-on canvas trainers,Amiri,"Rs36,300",https://assetsprx.matchesfashion.com/img/product/1352623_1_large.jpg,https://www.matchesfashion.com//intl/products/Amiri-Embroidered-frond-print-slip-on-canvas-trainers-1352623
46,Skeleton and checkerboard cotton-canvas trainers,Amiri,"Rs36,300",https://assetsprx.matchesfashion.com/img/product/1352620_1_large.jpg,https://www.matchesfashion.com//intl/products/Amiri-Skeleton-and-checkerboard-cotton-canvas-trainers-1352620
47,Chain & logo-jacquard canvas trainers,Givenchy,"Rs37,435",https://assetsprx.matchesfashion.com/img/product/1365918_1_large.jpg,https://www.matchesfashion.com//intl/products/Givenchy-Chain-%26-logo-jacquard-canvas-trainers-1365918
48,Fringed leather derby brogues,Toga Virilis,"Rs29,950",https://assetsprx.matchesfashion.com/img/product/1369095_1_large.jpg,https://www.matchesfashion.com//intl/products/Toga-Virilis-Fringed-leather-derby-brogues-1369095
49,Bexhill suede brogue derby shoes,Cheaney,"Rs27,580",https://assetsprx.matchesfashion.com/img/product/1374820_1_large.jpg,https://www.matchesfashion.com//intl/products/Cheaney-Bexhill-suede-brogue-derby-shoes-1374820
50,Daab square-toe patent-leather Derby shoes ,Martine Rose,"Rs28,810",https://assetsprx.matchesfashion.com/img/product/1370566_1_large.jpg,https://www.matchesfashion.com//intl/products/Martine-Rose-Daab-square-toe-patent-leather-Derby-shoes--1370566
51,Chiswick leather Derby shoes,Cheaney,"Rs29,950",https://assetsprx.matchesfashion.com/img/product/1374815_1_large.jpg,https://www.matchesfashion.com//intl/products/Cheaney-Chiswick-leather-Derby-shoes-1374815
52,Replica snake-effect leather trainers,Maison Margiela,"Rs32,320",https://assetsprx.matchesfashion.com/img/product/1356543_1_large.jpg,https://www.matchesfashion.com//intl/products/Maison-Margiela-Replica-snake-effect-leather-trainers-1356543
53,Dellow suede trainers,Stepney Workers Club,"Rs6,255",https://assetsprx.matchesfashion.com/img/product/1374944_1_large.jpg,https://www.matchesfashion.com//intl/products/Stepney-Workers-Club-Dellow-suede-trainers-1374944
54,Superstar leather trainers,Golden Goose,"Rs26,820",https://assetsprx.matchesfashion.com/img/product/1392421_1_large.jpg,https://www.matchesfashion.com//intl/products/Golden-Goose-Superstar-leather-trainers-1392421
55,Dellow leather trainers,Stepney Workers Club,"Rs6,255",https://assetsprx.matchesfashion.com/img/product/1374940_1_large.jpg,https://www.matchesfashion.com//intl/products/Stepney-Workers-Club-Dellow-leather-trainers-1374940
56,Tabi split-hoe crocodile-effect leather boots,Maison Margiela,"Rs70,610",https://assetsprx.matchesfashion.com/img/product/1368903_1_large.jpg,https://www.matchesfashion.com//intl/products/Maison-Margiela-Tabi-split-hoe-crocodile-effect-leather-boots-1368903
57,Logo-tab leather chelsea boots,Marni,"Rs54,495",https://assetsprx.matchesfashion.com/img/product/1365670_1_large.jpg,https://www.matchesfashion.com//intl/products/Marni-Logo-tab-leather-chelsea-boots-1365670
58,Austin square-toe leather chelsea boots,Givenchy,"Rs74,970",https://assetsprx.matchesfashion.com/img/product/1365909_1_large.jpg,https://www.matchesfashion.com//intl/products/Givenchy-Austin-square-toe-leather-chelsea-boots-1365909
59,Ortega chunky leather Chelsea boots,Eytys,"Rs30,800",https://assetsprx.matchesfashion.com/img/product/1370827_1_large.jpg,https://www.matchesfashion.com//intl/products/Eytys-Ortega-chunky-leather-Chelsea-boots-1370827
60,Greggo leather oxford shoes,Christian Louboutin,"Rs53,265",https://assetsprx.matchesfashion.com/img/product/1278584_1_large.jpg,https://www.matchesfashion.com//intl/products/Christian-Louboutin-Greggo-leather-oxford-shoes-1278584
61,Skate raised-sole suede trainers,Fear Of God,"Rs37,435",https://assetsprx.matchesfashion.com/img/product/1358831_1_large.jpg,https://www.matchesfashion.com//intl/products/Fear-Of-God-Skate-raised-sole-suede-trainers-1358831
62,101 suede-leather trainers,Fear Of God,"Rs31,940",https://assetsprx.matchesfashion.com/img/product/1358827_1_large.jpg,https://www.matchesfashion.com//intl/products/Fear-Of-God-101-suede-leather-trainers-1358827
63,BV Tire tread-sole leather boots,Bottega Veneta,"Rs66,725",https://assetsprx.matchesfashion.com/img/product/1362332_1_large.jpg,https://www.matchesfashion.com//intl/products/Bottega-Veneta-BV-Tire-tread-sole-leather-boots-1362332
64,Roller-Boat spike-embellished suede trainers,Christian Louboutin,"Rs66,725",https://assetsprx.matchesfashion.com/img/product/1278617_1_large.jpg,https://www.matchesfashion.com//intl/products/Christian-Louboutin-Roller-Boat-spike-embellished-suede-trainers-1278617
65,Mickey Mouse-print GG-canvas slip-on trainers,Gucci,"Rs34,690",https://assetsprx.matchesfashion.com/img/product/1356193_1_large.jpg,https://www.matchesfashion.com//intl/products/Gucci-Mickey-Mouse-print-GG-canvas-slip-on-trainers-1356193
66,Panelled leather derby shoes,Bottega Veneta,"Rs50,515",https://assetsprx.matchesfashion.com/img/product/1362345_1_large.jpg,https://www.matchesfashion.com//intl/products/Bottega-Veneta-Panelled-leather-derby-shoes-1362345
67,Rhyton logo-print low-top leather trainers,Gucci,"Rs53,265",https://assetsprx.matchesfashion.com/img/product/1266456_1_large.jpg,https://www.matchesfashion.com//intl/products/Gucci-Rhyton-logo-print-low-top-leather-trainers-1266456
68,Frond-print cotton-canvas trainers,Amiri,"Rs33,170",https://assetsprx.matchesfashion.com/img/product/1352621_1_large.jpg,https://www.matchesfashion.com//intl/products/Amiri-Frond-print-cotton-canvas-trainers-1352621
69,Ami de Coeur-embroidered panelled leather trainers,AMI,"Rs28,810",https://assetsprx.matchesfashion.com/img/product/1330595_1_large.jpg,https://www.matchesfashion.com//intl/products/AMI-Ami-de-Coeur-embroidered-panelled-leather-trainers-1330595
70,Ace low-top leather trainers,Gucci,"Rs39,050",https://assetsprx.matchesfashion.com/img/product/1284955_1_large.jpg,https://www.matchesfashion.com//intl/products/Gucci-Ace-low-top-leather-trainers-1284955
71,Ace low-top leather trainers,Gucci,"Rs33,550",https://assetsprx.matchesfashion.com/img/product/1238474_1_large.jpg,https://www.matchesfashion.com//intl/products/Gucci-Ace-low-top-leather-trainers-1238474
72,Mickey Mouse canvas trainers ,Gucci,"Rs38,290",https://assetsprx.matchesfashion.com/img/product/1318317_1_large.jpg,https://www.matchesfashion.com//intl/products/Gucci-Mickey-Mouse-canvas-trainers--1318317
73,Gommino suede driving shoes,Tod's,"Rs24,450",https://assetsprx.matchesfashion.com/img/product/1056011_1_large.jpg,https://www.matchesfashion.com//intl/products/Tod%27s-Gommino-suede-driving-shoes-1056011
74,1977 GG-jacquard Web-stripe trainers,Gucci,"Rs38,290",https://assetsprx.matchesfashion.com/img/product/1318316_1_large.jpg,https://www.matchesfashion.com//intl/products/Gucci-1977-GG-jacquard-Web-stripe-trainers-1318316
75,Panelled leather derby shoes,Bottega Veneta,"Rs50,515",https://assetsprx.matchesfashion.com/img/product/1362346_1_large.jpg,https://www.matchesfashion.com//intl/products/Bottega-Veneta-Panelled-leather-derby-shoes-1362346
76,Transparent-sole leather Chelsea boots,Bottega Veneta,"Rs66,725",https://assetsprx.matchesfashion.com/img/product/1362340_1_large.jpg,https://www.matchesfashion.com//intl/products/Bottega-Veneta-Transparent-sole-leather-Chelsea-boots-1362340
77,Skate raised-sole suede trainers,Fear Of God,"Rs37,435",https://assetsprx.matchesfashion.com/img/product/1358830_1_large.jpg,https://www.matchesfashion.com//intl/products/Fear-Of-God-Skate-raised-sole-suede-trainers-1358830
78,Exaggerated sole speckled-leather trainers,Alexander McQueen,"Rs38,670",https://assetsprx.matchesfashion.com/img/product/1356005_1_large.jpg,https://www.matchesfashion.com//intl/products/Alexander-McQueen-Exaggerated-sole-speckled-leather-trainers-1356005
79,Brixton leather loafers,Gucci,"Rs45,400",https://assetsprx.matchesfashion.com/img/product/1272490_1_large.jpg,https://www.matchesfashion.com//intl/products/Gucci-Brixton-leather-loafers-1272490
80,Original Achilles low-top leather trainers,Common Projects,"Rs22,840",https://assetsprx.matchesfashion.com/img/product/1050845_1_large.jpg,https://www.matchesfashion.com//intl/products/Common-Projects-Original-Achilles-low-top-leather-trainers-1050845
81,Tabi split-toe suede Chelsea boots,Maison Margiela,"Rs60,375",https://assetsprx.matchesfashion.com/img/product/1356525_1_large.jpg,https://www.matchesfashion.com//intl/products/Maison-Margiela-Tabi-split-toe-suede-Chelsea-boots-1356525
82,BV Level leather loafers,Bottega Veneta,"Rs48,905",https://assetsprx.matchesfashion.com/img/product/1362344_1_large.jpg,https://www.matchesfashion.com//intl/products/Bottega-Veneta-BV-Level-leather-loafers-1362344
83,Gumboy leather and suede trainers,Valentino Garavani,"Rs38,670",https://assetsprx.matchesfashion.com/img/product/1356051_1_large.jpg,https://www.matchesfashion.com//intl/products/Valentino-Garavani-Gumboy-leather-and-suede-trainers-1356051
84,Superstar leather trainers,Golden Goose,"Rs26,820",https://assetsprx.matchesfashion.com/img/product/1392420_1_large.jpg,https://www.matchesfashion.com//intl/products/Golden-Goose-Superstar-leather-trainers-1392420
85,Exaggerated-sole leather trainers,Alexander McQueen,"Rs35,540",https://assetsprx.matchesfashion.com/img/product/1356066_1_large.jpg,https://www.matchesfashion.com//intl/products/Alexander-McQueen-Exaggerated-sole-leather-trainers-1356066
86,Leather boots,Vetements,"Rs90,795",https://assetsprx.matchesfashion.com/img/product/1368882_1_large.jpg,https://www.matchesfashion.com//intl/products/Vetements-Leather-boots-1368882
87,Transparent-sole leather Chelsea boots,Bottega Veneta,"Rs66,725",https://assetsprx.matchesfashion.com/img/product/1362339_1_large.jpg,https://www.matchesfashion.com//intl/products/Bottega-Veneta-Transparent-sole-leather-Chelsea-boots-1362339
88,Rhyton GG-disc leather trainers,Gucci,"Rs55,255",https://assetsprx.matchesfashion.com/img/product/1356165_1_large.jpg,https://www.matchesfashion.com//intl/products/Gucci-Rhyton-GG-disc-leather-trainers-1356165
89,Track panelled trainers,Balenciaga,"Rs51,275",https://assetsprx.matchesfashion.com/img/product/1357786_1_large.jpg,https://www.matchesfashion.com//intl/products/Balenciaga-Track-panelled-trainers-1357786
90,Afterdusk mesh and leather trainers,Valentino Garavani,"Rs46,535",https://assetsprx.matchesfashion.com/img/product/1356040_1_large.jpg,https://www.matchesfashion.com//intl/products/Valentino-Garavani-Afterdusk-mesh-and-leather-trainers-1356040
91,Logo-appliqué nubuck trucker boots,Vetements,"Rs81,320",https://assetsprx.matchesfashion.com/img/product/1368883_1_large.jpg,https://www.matchesfashion.com//intl/products/Vetements-Logo-appliqu%C3%A9-nubuck-trucker-boots-1368883
92,Western leather boots,Vetements,"Rs98,660",https://assetsprx.matchesfashion.com/img/product/1368881_1_large.jpg,https://www.matchesfashion.com//intl/products/Vetements-Western-leather-boots-1368881
93,V-10 low-top leather trainers,Veja,"Rs9,005",https://assetsprx.matchesfashion.com/img/product/1248410_1_large.jpg,https://www.matchesfashion.com//intl/products/Veja-V-10-low-top-leather-trainers-1248410
94,Spike-embellished neoprene sock trainers,Christian Louboutin,"Rs76,200",https://assetsprx.matchesfashion.com/img/product/1243167_1_large.jpg,https://www.matchesfashion.com//intl/products/Christian-Louboutin-Spike-embellished-neoprene-sock-trainers-1243167
95,William monk-strap leather shoes,John Lobb,"Rs78,570",https://assetsprx.matchesfashion.com/img/product/1397635_1_large.jpg,https://www.matchesfashion.com//intl/products/John-Lobb-William-monk-strap-leather-shoes-1397635
96,Greggo leather oxford shoes,Christian Louboutin,"Rs50,135",https://assetsprx.matchesfashion.com/img/product/1278583_1_large.jpg,https://www.matchesfashion.com//intl/products/Christian-Louboutin-Greggo-leather-oxford-shoes-1278583
97,Gumboy low-top trainers,Valentino Garavani,"Rs38,670",https://assetsprx.matchesfashion.com/img/product/1239063_1_large.jpg,https://www.matchesfashion.com//intl/products/Valentino-Garavani-Gumboy-low-top-trainers-1239063
98,Raised-sole low-top trainers,Alexander McQueen,"Rs30,800",https://assetsprx.matchesfashion.com/img/product/1223710_1_large.jpg,https://www.matchesfashion.com//intl/products/Alexander-McQueen-Raised-sole-low-top-trainers-1223710
99,Tabi split-toe leather penny loafers,Maison Margiela,"Rs58,380",https://assetsprx.matchesfashion.com/img/product/1368888_1_large.jpg,https://www.matchesfashion.com//intl/products/Maison-Margiela-Tabi-split-toe-leather-penny-loafers-1368888
100,Dellow corduroy trainers,Stepney Workers Club,"Rs7,485",https://assetsprx.matchesfashion.com/img/product/1378420_1_large.jpg,https://www.matchesfashion.com//intl/products/Stepney-Workers-Club-Dellow-corduroy-trainers-1378420
101,Ace bee-embridered leather trainers,Gucci,"Rs35,540",https://assetsprx.matchesfashion.com/img/product/1284954_1_large.jpg,https://www.matchesfashion.com//intl/products/Gucci-Ace-bee-embridered-leather-trainers-1284954
102,Chunky-sole canvas trainers,Alexander McQueen,"Rs35,540",https://assetsprx.matchesfashion.com/img/product/1378162_1_large.jpg,https://www.matchesfashion.com//intl/products/Alexander-McQueen-Chunky-sole-canvas-trainers-1378162
103,Rockrunner Plus camouflage-jacquard trainers,Valentino Garavani,"Rs46,535",https://assetsprx.matchesfashion.com/img/product/1368908_1_large.jpg,https://www.matchesfashion.com//intl/products/Valentino-Garavani-Rockrunner-Plus-camouflage-jacquard-trainers-1368908
104,Tabi split-toe leather loafers,Maison Margiela,"Rs58,380",https://assetsprx.matchesfashion.com/img/product/1356522_1_large.jpg,https://www.matchesfashion.com//intl/products/Maison-Margiela-Tabi-split-toe-leather-loafers-1356522
105,Triple S leather and mesh trainers,Balenciaga,"Rs51,275",https://assetsprx.matchesfashion.com/img/product/1357787_1_large.jpg,https://www.matchesfashion.com//intl/products/Balenciaga-Triple-S-leather-and-mesh-trainers-1357787
106,Raised-sole glitter suede and leather derby shoes,Alexander McQueen,"Rs45,775",https://assetsprx.matchesfashion.com/img/product/1355635_1_large.jpg,https://www.matchesfashion.com//intl/products/Alexander-McQueen-Raised-sole-glitter-suede-and-leather-derby-shoes-1355635
107,Original Achilles lace-up leather trainers,Common Projects,"Rs26,445",https://assetsprx.matchesfashion.com/img/product/1250329_1_large.jpg,https://www.matchesfashion.com//intl/products/Common-Projects-Original-Achilles-lace-up-leather-trainers-1250329
108,Triple S leather and mesh trainers,Balenciaga,"Rs51,275",https://assetsprx.matchesfashion.com/img/product/1241617_1_large.jpg,https://www.matchesfashion.com//intl/products/Balenciaga-Triple-S-leather-and-mesh-trainers-1241617
109,Ace leather trainers,Gucci,"Rs32,320",https://assetsprx.matchesfashion.com/img/product/1238475_1_large.jpg,https://www.matchesfashion.com//intl/products/Gucci-Ace-leather-trainers-1238475
110,Wyatt patent-leather derby shoes,Saint Laurent,"Rs48,525",https://assetsprx.matchesfashion.com/img/product/1368840_1_large.jpg,https://www.matchesfashion.com//intl/products/Saint-Laurent-Wyatt-patent-leather-derby-shoes-1368840
111,Dramca GG grained-leather loafers,Gucci,"Rs48,145",https://assetsprx.matchesfashion.com/img/product/1356177_1_large.jpg,https://www.matchesfashion.com//intl/products/Gucci-Dramca-GG-grained-leather-loafers-1356177
112,Track panelled trainers,Balenciaga,"Rs51,275",https://assetsprx.matchesfashion.com/img/product/1357785_1_large.jpg,https://www.matchesfashion.com//intl/products/Balenciaga-Track-panelled-trainers-1357785
113,Chuck 70 high-top canvas trainers,Converse,"Rs5,875",https://assetsprx.matchesfashion.com/img/product/1338652_1_large.jpg,https://www.matchesfashion.com//intl/products/Converse-Chuck-70-high-top-canvas-trainers-1338652
114,Manifesto mixed-leather and mesh-panelled trainers,The Salvages,"Rs43,785",https://assetsprx.matchesfashion.com/img/product/1376880_1_large.jpg,https://www.matchesfashion.com//intl/products/The-Salvages-Manifesto-mixed-leather-and-mesh-panelled-trainers-1376880
115,Logo rubber slides,Givenchy,"Rs15,355",https://assetsprx.matchesfashion.com/img/product/1404562_1_large.jpg,https://www.matchesfashion.com//intl/products/Givenchy-Logo-rubber-slides-1404562
116,Neal mesh hiking shoes,Roa,"Rs27,580",https://assetsprx.matchesfashion.com/img/product/1370498_1_large.jpg,https://www.matchesfashion.com//intl/products/Roa-Neal-mesh-hiking-shoes-1370498
117,Giggies canvas trainers,Valentino Garavani,"Rs37,435",https://assetsprx.matchesfashion.com/img/product/1356059_1_large.jpg,https://www.matchesfashion.com//intl/products/Valentino-Garavani-Giggies-canvas-trainers-1356059
118,Chunky-sole leather brogue boots	,Alexander McQueen,"Rs42,650",https://assetsprx.matchesfashion.com/img/product/1358812_1_large.jpg,https://www.matchesfashion.com//intl/products/Alexander-McQueen-Chunky-sole-leather-brogue-boots%09-1358812
119,Tyrex panelled trainers,Balenciaga,"Rs51,275",https://assetsprx.matchesfashion.com/img/product/1357772_1_large.jpg,https://www.matchesfashion.com//intl/products/Balenciaga-Tyrex-panelled-trainers-1357772
120,Reconstructed high-top cotton-canvas trainers,Amiri,"Rs41,795",https://assetsprx.matchesfashion.com/img/product/1352619_1_large.jpg,https://www.matchesfashion.com//intl/products/Amiri-Reconstructed-high-top-cotton-canvas-trainers-1352619
121,Shannon leather derby shoes,Church's,"Rs45,020",https://assetsprx.matchesfashion.com/img/product/1154749_1_large.jpg,https://www.matchesfashion.com//intl/products/Church%27s-Shannon-leather-derby-shoes-1154749
122,BV Slider Intrecciato-effect rubber slides,Bottega Veneta,"Rs21,705",https://assetsprx.matchesfashion.com/img/product/1382198_1_large.jpg,https://www.matchesfashion.com//intl/products/Bottega-Veneta-BV-Slider-Intrecciato-effect-rubber-slides-1382198
123,Panelled-leather Chelsea boots,Bottega Veneta,"Rs63,500",https://assetsprx.matchesfashion.com/img/product/1362348_1_large.jpg,https://www.matchesfashion.com//intl/products/Bottega-Veneta-Panelled-leather-Chelsea-boots-1362348
124,Mickey Mouse canvas sliders,Gucci,"Rs22,085",https://assetsprx.matchesfashion.com/img/product/1356196_1_large.jpg,https://www.matchesfashion.com//intl/products/Gucci-Mickey-Mouse-canvas-sliders-1356196
125,Tread-sole leather derby shoes,Givenchy,"Rs61,130",https://assetsprx.matchesfashion.com/img/product/1313723_1_large.jpg,https://www.matchesfashion.com//intl/products/Givenchy-Tread-sole-leather-derby-shoes-1313723
126,Triple S low-top trainers,Balenciaga,"Rs51,275",https://assetsprx.matchesfashion.com/img/product/1276876_1_large.jpg,https://www.matchesfashion.com//intl/products/Balenciaga-Triple-S-low-top-trainers-1276876
127,Louis Orlato high-top crystal leather trainers,Christian Louboutin,"Rs173,345",https://assetsprx.matchesfashion.com/img/product/1354815_1_large.jpg,https://www.matchesfashion.com//intl/products/Christian-Louboutin-Louis-Orlato-high-top-crystal-leather-trainers-1354815
128,Jordan horsebit leather loafers,Gucci,"Rs45,400",https://assetsprx.matchesfashion.com/img/product/1238506_1_large.jpg,https://www.matchesfashion.com//intl/products/Gucci-Jordan-horsebit-leather-loafers-1238506
129,Replica paint-splatter leather trainers,Maison Margiela,"Rs34,310",https://assetsprx.matchesfashion.com/img/product/1368899_1_large.jpg,https://www.matchesfashion.com//intl/products/Maison-Margiela-Replica-paint-splatter-leather-trainers-1368899
130,XT-Quest ADV mesh trainers,Salomon,"Rs12,985",https://assetsprx.matchesfashion.com/img/product/1366543_1_large.jpg,https://www.matchesfashion.com//intl/products/Salomon-XT-Quest-ADV-mesh-trainers-1366543
131,Arizona leather sandals,Birkenstock 1774,"Rs24,450",https://assetsprx.matchesfashion.com/img/product/1348636_1_large.jpg,https://www.matchesfashion.com//intl/products/Birkenstock-1774-Arizona-leather-sandals-1348636
132,Rhyton logo-print leather trainers,Gucci,"Rs55,635",https://assetsprx.matchesfashion.com/img/product/1238524_1_large.jpg,https://www.matchesfashion.com//intl/products/Gucci-Rhyton-logo-print-leather-trainers-1238524
133,Louis spike-embellished high-top leather trainers,Christian Louboutin,"Rs74,590",https://assetsprx.matchesfashion.com/img/product/1278590_1_large.jpg,https://www.matchesfashion.com//intl/products/Christian-Louboutin-Louis-spike-embellished-high-top-leather-trainers-1278590
134,Strike nylon lace-up boots,Balenciaga,"Rs46,915",https://assetsprx.matchesfashion.com/img/product/1357765_1_large.jpg,https://www.matchesfashion.com//intl/products/Balenciaga-Strike-nylon-lace-up-boots-1357765
135,Exaggerated-sole leather Chelsea boots,Alexander McQueen,"Rs35,540",https://assetsprx.matchesfashion.com/img/product/1355620_1_large.jpg,https://www.matchesfashion.com//intl/products/Alexander-McQueen-Exaggerated-sole-leather-Chelsea-boots-1355620
136,Zen quilted trainers,Balenciaga,"Rs35,540",https://assetsprx.matchesfashion.com/img/product/1357792_1_large.jpg,https://www.matchesfashion.com//intl/products/Balenciaga-Zen-quilted-trainers-1357792
137,Giggies camouflage-print canvas trainers,Valentino Garavani,"Rs35,540",https://assetsprx.matchesfashion.com/img/product/1356057_1_large.jpg,https://www.matchesfashion.com//intl/products/Valentino-Garavani-Giggies-camouflage-print-canvas-trainers-1356057
138,Wyatt point-toe leather boots,Saint Laurent,"Rs62,365",https://assetsprx.matchesfashion.com/img/product/1368849_1_large.jpg,https://www.matchesfashion.com//intl/products/Saint-Laurent-Wyatt-point-toe-leather-boots-1368849
139,Raised-sole leather and suede trainers,Alexander McQueen,"Rs30,800",https://assetsprx.matchesfashion.com/img/product/1355633_1_large.jpg,https://www.matchesfashion.com//intl/products/Alexander-McQueen-Raised-sole-leather-and-suede-trainers-1355633
140,XT-Quest ADV mesh trainers	,Salomon,"Rs12,985",https://assetsprx.matchesfashion.com/img/product/1326626_1_large.jpg,https://www.matchesfashion.com//intl/products/Salomon-XT-Quest-ADV-mesh-trainers%09-1326626
141,Perey leather trainers,Acne Studios,"Rs22,840",https://assetsprx.matchesfashion.com/img/product/1352565_1_large.jpg,https://www.matchesfashion.com//intl/products/Acne-Studios-Perey-leather-trainers-1352565
142,Original Achilles lace-up leather trainers ,Common Projects,"Rs26,065",https://assetsprx.matchesfashion.com/img/product/1050844_1_large.jpg,https://www.matchesfashion.com//intl/products/Common-Projects-Original-Achilles-lace-up-leather-trainers--1050844
143,Dellow checked trainers,Stepney Workers Club,"Rs7,485",https://assetsprx.matchesfashion.com/img/product/1378421_1_large.jpg,https://www.matchesfashion.com//intl/products/Stepney-Workers-Club-Dellow-checked-trainers-1378421
144,Louis Junior spike-embellished leather trainers,Christian Louboutin,"Rs50,895",https://assetsprx.matchesfashion.com/img/product/1278596_1_large.jpg,https://www.matchesfashion.com//intl/products/Christian-Louboutin-Louis-Junior-spike-embellished-leather-trainers-1278596
145,Afterdusk mesh and leather trainers,Valentino Garavani,"Rs46,535",https://assetsprx.matchesfashion.com/img/product/1356039_1_large.jpg,https://www.matchesfashion.com//intl/products/Valentino-Garavani-Afterdusk-mesh-and-leather-trainers-1356039
146,Abstract exaggerated-sole canvas trainers,Rick Owens DRKSHDW,"Rs32,320",https://assetsprx.matchesfashion.com/img/product/1402990_1_large.jpg,https://www.matchesfashion.com//intl/products/Rick-Owens-DRKSHDW-Abstract-exaggerated-sole-canvas-trainers-1402990
147,XT-6 Advanced trail running trainers,Salomon,"Rs12,225",https://assetsprx.matchesfashion.com/img/product/1366534_1_large.jpg,https://www.matchesfashion.com//intl/products/Salomon-XT-6-Advanced-trail-running-trainers-1366534
148,Detroit double monk-strap leather shoes ,Church's,"Rs36,300",https://assetsprx.matchesfashion.com/img/product/1169450_1_large.jpg,https://www.matchesfashion.com//intl/products/Church%27s-Detroit-double-monk-strap-leather-shoes--1169450
149,Exaggerated-sole leather derby shoes,Alexander McQueen,"Rs45,775",https://assetsprx.matchesfashion.com/img/product/1356003_1_large.jpg,https://www.matchesfashion.com//intl/products/Alexander-McQueen-Exaggerated-sole-leather-derby-shoes-1356003
150,Rhyton logo-print leather trainers ,Gucci,"Rs55,255",https://assetsprx.matchesfashion.com/img/product/1311825_1_large.jpg,https://www.matchesfashion.com//intl/products/Gucci-Rhyton-logo-print-leather-trainers--1311825
151,BV Tire chunky-sole leather Chelsea boots,Bottega Veneta,"Rs66,725",https://assetsprx.matchesfashion.com/img/product/1362331_1_large.jpg,https://www.matchesfashion.com//intl/products/Bottega-Veneta-BV-Tire-chunky-sole-leather-Chelsea-boots-1362331
152,Ilus leather trainers,Versace,"Rs31,560",https://assetsprx.matchesfashion.com/img/product/1315461_1_large.jpg,https://www.matchesfashion.com//intl/products/Versace-Ilus-leather-trainers-1315461
153,V-10 leather low-top trainers,Veja,"Rs9,005",https://assetsprx.matchesfashion.com/img/product/1248408_1_large.jpg,https://www.matchesfashion.com//intl/products/Veja-V-10-leather-low-top-trainers-1248408
154,Wing leather trainers,Givenchy,"Rs46,915",https://assetsprx.matchesfashion.com/img/product/1365914_1_large.jpg,https://www.matchesfashion.com//intl/products/Givenchy-Wing-leather-trainers-1365914
155,Replica suede-panel leather trainers,Maison Margiela,"Rs26,445",https://assetsprx.matchesfashion.com/img/product/1356551_1_large.jpg,https://www.matchesfashion.com//intl/products/Maison-Margiela-Replica-suede-panel-leather-trainers-1356551
156,Logo-embroidered leather trainers,AMI,"Rs22,085",https://assetsprx.matchesfashion.com/img/product/1330594_1_large.jpg,https://www.matchesfashion.com//intl/products/AMI-Logo-embroidered-leather-trainers-1330594
157,Chunky-sole canvas trainers,Alexander McQueen,"Rs38,670",https://assetsprx.matchesfashion.com/img/product/1314711_1_large.jpg,https://www.matchesfashion.com//intl/products/Alexander-McQueen-Chunky-sole-canvas-trainers-1314711
158,Contrast-panel buckled leather loafers,Toga Virilis,"Rs28,435",https://assetsprx.matchesfashion.com/img/product/1369094_1_large.jpg,https://www.matchesfashion.com//intl/products/Toga-Virilis-Contrast-panel-buckled-leather-loafers-1369094
159,Dorking suede penny loafers,Cheaney,"Rs27,580",https://assetsprx.matchesfashion.com/img/product/1374810_1_large.jpg,https://www.matchesfashion.com//intl/products/Cheaney-Dorking-suede-penny-loafers-1374810
160,Ace Mickey Mouse leather trainers,Gucci,"Rs48,525",https://assetsprx.matchesfashion.com/img/product/1356195_1_large.jpg,https://www.matchesfashion.com//intl/products/Gucci-Ace-Mickey-Mouse-leather-trainers-1356195
161,BV Tire transparent-sole leather Chelsea boots,Bottega Veneta,"Rs63,975",https://assetsprx.matchesfashion.com/img/product/1362335_1_large.jpg,https://www.matchesfashion.com//intl/products/Bottega-Veneta-BV-Tire-transparent-sole-leather-Chelsea-boots-1362335
162,Logo-appliqué leather trainers,Dolce & Gabbana,"Rs38,290",https://assetsprx.matchesfashion.com/img/product/1355458_1_large.jpg,https://www.matchesfashion.com//intl/products/Dolce-%26-Gabbana-Logo-appliqu%C3%A9-leather-trainers-1355458
163,XT-4 Advanced trail running trainers,Salomon,"Rs13,745",https://assetsprx.matchesfashion.com/img/product/1366532_1_large.jpg,https://www.matchesfashion.com//intl/products/Salomon-XT-4-Advanced-trail-running-trainers-1366532
164,Replica Bianchetto-painted leather trainers,Maison Margiela,"Rs41,795",https://assetsprx.matchesfashion.com/img/product/1368893_1_large.jpg,https://www.matchesfashion.com//intl/products/Maison-Margiela-Replica-Bianchetto-painted-leather-trainers-1368893
165,Replica suede-panel leather trainers,Maison Margiela,"Rs26,445",https://assetsprx.matchesfashion.com/img/product/1356537_1_large.jpg,https://www.matchesfashion.com//intl/products/Maison-Margiela-Replica-suede-panel-leather-trainers-1356537
166,Tabi split-toe canvas slip-on trainers,Maison Margiela,"Rs29,190",https://assetsprx.matchesfashion.com/img/product/1330280_1_large.jpg,https://www.matchesfashion.com//intl/products/Maison-Margiela-Tabi-split-toe-canvas-slip-on-trainers-1330280
167,Exaggerated sole brogue-leather derby shoes,Alexander McQueen,"Rs38,670",https://assetsprx.matchesfashion.com/img/product/1355619_1_large.jpg,https://www.matchesfashion.com//intl/products/Alexander-McQueen-Exaggerated-sole-brogue-leather-derby-shoes-1355619
168,XT-6 Advanced trail running trainers,Salomon,"Rs12,225",https://assetsprx.matchesfashion.com/img/product/1366535_1_large.jpg,https://www.matchesfashion.com//intl/products/Salomon-XT-6-Advanced-trail-running-trainers-1366535
169,XT-4 Advanced trail running trainers,Salomon,"Rs13,745",https://assetsprx.matchesfashion.com/img/product/1366533_1_large.jpg,https://www.matchesfashion.com//intl/products/Salomon-XT-4-Advanced-trail-running-trainers-1366533
170,Greggo leather derby shoes,Christian Louboutin,"Rs50,135",https://assetsprx.matchesfashion.com/img/product/1358492_1_large.jpg,https://www.matchesfashion.com//intl/products/Christian-Louboutin-Greggo-leather-derby-shoes-1358492
171,Arizona leather sandals,Birkenstock 1774,"Rs24,450",https://assetsprx.matchesfashion.com/img/product/1348634_1_large.jpg,https://www.matchesfashion.com//intl/products/Birkenstock-1774-Arizona-leather-sandals-1348634
172,Screener leather trainers,Gucci,"Rs48,525",https://assetsprx.matchesfashion.com/img/product/1238519_1_large.jpg,https://www.matchesfashion.com//intl/products/Gucci-Screener-leather-trainers-1238519
173,Chunky-sole high-top canvas trainers,Alexander McQueen,"Rs38,670",https://assetsprx.matchesfashion.com/img/product/1378163_1_large.jpg,https://www.matchesfashion.com//intl/products/Alexander-McQueen-Chunky-sole-high-top-canvas-trainers-1378163
174,Tyne leather-trimmed suede loafers,John Lobb,"Rs54,495",https://assetsprx.matchesfashion.com/img/product/1397638_1_large.jpg,https://www.matchesfashion.com//intl/products/John-Lobb-Tyne-leather-trimmed-suede-loafers-1397638
175,Raised-sole leather trainers,Alexander McQueen,"Rs30,800",https://assetsprx.matchesfashion.com/img/product/1355636_1_large.jpg,https://www.matchesfashion.com//intl/products/Alexander-McQueen-Raised-sole-leather-trainers-1355636
176,Speed trainers,Balenciaga,"Rs44,545",https://assetsprx.matchesfashion.com/img/product/1284298_1_large.jpg,https://www.matchesfashion.com//intl/products/Balenciaga-Speed-trainers-1284298
177,Hybrid exaggerated-sole suede Chelsea boots,Alexander McQueen,"Rs35,540",https://assetsprx.matchesfashion.com/img/product/1314712_1_large.jpg,https://www.matchesfashion.com//intl/products/Alexander-McQueen-Hybrid-exaggerated-sole-suede-Chelsea-boots-1314712
178,Lawry leather Chelsea boots,John Lobb,"Rs107,760",https://assetsprx.matchesfashion.com/img/product/1397636_1_large.jpg,https://www.matchesfashion.com//intl/products/John-Lobb-Lawry-leather-Chelsea-boots-1397636
179,Superstar suede-trimmed leather trainers,Golden Goose,"Rs26,820",https://assetsprx.matchesfashion.com/img/product/1392419_1_large.jpg,https://www.matchesfashion.com//intl/products/Golden-Goose-Superstar-suede-trimmed-leather-trainers-1392419
180,Bernini distressed-sole leather boots,Dolce & Gabbana,"Rs76,960",https://assetsprx.matchesfashion.com/img/product/1370285_1_large.jpg,https://www.matchesfashion.com//intl/products/Dolce-%26-Gabbana-Bernini-distressed-sole-leather-boots-1370285
181,Logo-midsole leather trainers,Dolce & Gabbana,"Rs38,290",https://assetsprx.matchesfashion.com/img/product/1355459_1_large.jpg,https://www.matchesfashion.com//intl/products/Dolce-%26-Gabbana-Logo-midsole-leather-trainers-1355459
182,Tabi high-top paint-drop canvas trainers,Maison Margiela,"Rs34,690",https://assetsprx.matchesfashion.com/img/product/1356542_1_large.jpg,https://www.matchesfashion.com//intl/products/Maison-Margiela-Tabi-high-top-paint-drop-canvas-trainers-1356542
183,Scritto smooth-leather trainers,Berluti,"Rs82,075",https://assetsprx.matchesfashion.com/img/product/1353575_1_large.jpg,https://www.matchesfashion.com//intl/products/Berluti-Scritto-smooth-leather-trainers-1353575
184,Vitello logo-stamped leather trainers ,Berluti,"Rs60,750",https://assetsprx.matchesfashion.com/img/product/1353573_1_large.jpg,https://www.matchesfashion.com//intl/products/Berluti-Vitello-logo-stamped-leather-trainers--1353573
185,Tennis 1977 GG-jacquard canvas trainers,Gucci,"Rs38,290",https://assetsprx.matchesfashion.com/img/product/1357686_1_large.jpg,https://www.matchesfashion.com//intl/products/Gucci-Tennis-1977-GG-jacquard-canvas-trainers-1357686
186,Buckled leather loafers,Toga Virilis,"Rs27,960",https://assetsprx.matchesfashion.com/img/product/1369086_1_large.jpg,https://www.matchesfashion.com//intl/products/Toga-Virilis-Buckled-leather-loafers-1369086
187,Dellow suede trainers,Stepney Workers Club,"Rs6,255",https://assetsprx.matchesfashion.com/img/product/1374943_1_large.jpg,https://www.matchesfashion.com//intl/products/Stepney-Workers-Club-Dellow-suede-trainers-1374943
188,Varden high-top canvas trainers,Stepney Workers Club,"Rs5,875",https://assetsprx.matchesfashion.com/img/product/1374936_1_large.jpg,https://www.matchesfashion.com//intl/products/Stepney-Workers-Club-Varden-high-top-canvas-trainers-1374936
189,Godfrey suede Chelsea boots,Cheaney,"Rs29,950",https://assetsprx.matchesfashion.com/img/product/1374814_1_large.jpg,https://www.matchesfashion.com//intl/products/Cheaney-Godfrey-suede-Chelsea-boots-1374814
190,Newton split-toe suede derby shoes,Cheaney,"Rs29,950",https://assetsprx.matchesfashion.com/img/product/1374819_1_large.jpg,https://www.matchesfashion.com//intl/products/Cheaney-Newton-split-toe-suede-derby-shoes-1374819
191,Lace-up leather and shearling loafers,Jacques Soloviere,"Rs24,830",https://assetsprx.matchesfashion.com/img/product/1374792_1_large.jpg,https://www.matchesfashion.com//intl/products/Jacques-Soloviere-Lace-up-leather-and-shearling-loafers-1374792
192,Dandelion leather loafers,Christian Louboutin,"Rs46,915",https://assetsprx.matchesfashion.com/img/product/1358499_1_large.jpg,https://www.matchesfashion.com//intl/products/Christian-Louboutin-Dandelion-leather-loafers-1358499
193,Replica suede and leather trainers,Maison Margiela,"Rs26,445",https://assetsprx.matchesfashion.com/img/product/1368898_1_large.jpg,https://www.matchesfashion.com//intl/products/Maison-Margiela-Replica-suede-and-leather-trainers-1368898
194,Climbers leather and mesh trainers,Valentino Garavani,"Rs46,535",https://assetsprx.matchesfashion.com/img/product/1356041_1_large.jpg,https://www.matchesfashion.com//intl/products/Valentino-Garavani-Climbers-leather-and-mesh-trainers-1356041
195,XT-6 Advanced trail running trainers,Salomon,"Rs12,225",https://assetsprx.matchesfashion.com/img/product/1366541_1_large.jpg,https://www.matchesfashion.com//intl/products/Salomon-XT-6-Advanced-trail-running-trainers-1366541
196,XA-Pro Fusion ADV mesh trainers,Salomon,"Rs11,845",https://assetsprx.matchesfashion.com/img/product/1366531_1_large.jpg,https://www.matchesfashion.com//intl/products/Salomon-XA-Pro-Fusion-ADV-mesh-trainers-1366531
197,Scarlett leather ankle boots,Santoni,"Rs54,495",https://assetsprx.matchesfashion.com/img/product/1370507_1_large.jpg,https://www.matchesfashion.com//intl/products/Santoni-Scarlett-leather-ankle-boots-1370507
198,Phoenix leather brogue Chelsea boots,Santoni,"Rs47,765",https://assetsprx.matchesfashion.com/img/product/1370505_1_large.jpg,https://www.matchesfashion.com//intl/products/Santoni-Phoenix-leather-brogue-Chelsea-boots-1370505
199,Toe-cap suede loafers,Alexander McQueen,"Rs46,535",https://assetsprx.matchesfashion.com/img/product/1355621_1_large.jpg,https://www.matchesfashion.com//intl/products/Alexander-McQueen-Toe-cap-suede-loafers-1355621
200,Farley leather boots,Paul Smith,"Rs33,550",https://assetsprx.matchesfashion.com/img/product/1375597_1_large.jpg,https://www.matchesfashion.com//intl/products/Paul-Smith-Farley-leather-boots-1375597
201,Hurley leather Derby shoes,Grenson,"Rs21,705",https://assetsprx.matchesfashion.com/img/product/1366565_1_large.jpg,https://www.matchesfashion.com//intl/products/Grenson-Hurley-leather-Derby-shoes-1366565
202,Distressed penny loafers,Our Legacy,"Rs28,435",https://assetsprx.matchesfashion.com/img/product/1384368_1_large.jpg,https://www.matchesfashion.com//intl/products/Our-Legacy-Distressed-penny-loafers-1384368
203,Clement suede-panelled padded shell boots,Moncler,"Rs39,805",https://assetsprx.matchesfashion.com/img/product/1357529_1_large.jpg,https://www.matchesfashion.com//intl/products/Moncler-Clement-suede-panelled-padded-shell-boots-1357529
204,Replica paint-drop grained-leather trainers,Maison Margiela,"Rs32,320",https://assetsprx.matchesfashion.com/img/product/1356538_1_large.jpg,https://www.matchesfashion.com//intl/products/Maison-Margiela-Replica-paint-drop-grained-leather-trainers-1356538
205,Replica painted suede trainers,Maison Margiela,"Rs39,425",https://assetsprx.matchesfashion.com/img/product/1356536_1_large.jpg,https://www.matchesfashion.com//intl/products/Maison-Margiela-Replica-painted-suede-trainers-1356536
206,Galvalouis spike-embellished suede trainers,Christian Louboutin,"Rs110,130",https://assetsprx.matchesfashion.com/img/product/1354836_1_large.jpg,https://www.matchesfashion.com//intl/products/Christian-Louboutin-Galvalouis-spike-embellished-suede-trainers-1354836
207,Dellow suede trainers,Stepney Workers Club,"Rs6,255",https://assetsprx.matchesfashion.com/img/product/1374942_1_large.jpg,https://www.matchesfashion.com//intl/products/Stepney-Workers-Club-Dellow-suede-trainers-1374942
208,Varden high-top canvas trainers,Stepney Workers Club,"Rs5,875",https://assetsprx.matchesfashion.com/img/product/1374935_1_large.jpg,https://www.matchesfashion.com//intl/products/Stepney-Workers-Club-Varden-high-top-canvas-trainers-1374935
209,Giotto spazzolato-leather Derby shoes,Dolce & Gabbana,"Rs57,245",https://assetsprx.matchesfashion.com/img/product/1355448_1_large.jpg,https://www.matchesfashion.com//intl/products/Dolce-%26-Gabbana-Giotto-spazzolato-leather-Derby-shoes-1355448
210,251 leather trainers,Dsquared2,"Rs26,445",https://assetsprx.matchesfashion.com/img/product/1373777_1_large.jpg,https://www.matchesfashion.com//intl/products/Dsquared2-251-leather-trainers-1373777
211,Lambert leather Chelsea boots,Paul Smith,"Rs31,180",https://assetsprx.matchesfashion.com/img/product/1375598_1_large.jpg,https://www.matchesfashion.com//intl/products/Paul-Smith-Lambert-leather-Chelsea-boots-1375598
212,Ultrapace distressed leather and suede trainers ,Gucci,"Rs48,525",https://assetsprx.matchesfashion.com/img/product/1305800_1_large.jpg,https://www.matchesfashion.com//intl/products/Gucci-Ultrapace-distressed-leather-and-suede-trainers--1305800
213,Gommino suede driving shoes,Tod's,"Rs24,450",https://assetsprx.matchesfashion.com/img/product/1051269_1_large.jpg,https://www.matchesfashion.com//intl/products/Tod%27s-Gommino-suede-driving-shoes-1051269
214,Union Parade leather Derby shoes,Our Legacy,"Rs25,590",https://assetsprx.matchesfashion.com/img/product/1384379_1_large.jpg,https://www.matchesfashion.com//intl/products/Our-Legacy-Union-Parade-leather-Derby-shoes-1384379
215,Traktori studded leather and rubber combat boots,CAMPERLAB,"Rs18,480",https://assetsprx.matchesfashion.com/img/product/1370682_1_large.jpg,https://www.matchesfashion.com//intl/products/CAMPERLAB-Traktori-studded-leather-and-rubber-combat-boots-1370682
216,Daiquiri mesh hiking trainers,Roa,"Rs37,435",https://assetsprx.matchesfashion.com/img/product/1370500_1_large.jpg,https://www.matchesfashion.com//intl/products/Roa-Daiquiri-mesh-hiking-trainers-1370500
217,Andreas kudu-leather hiking boots,Roa,"Rs40,660",https://assetsprx.matchesfashion.com/img/product/1370495_1_large.jpg,https://www.matchesfashion.com//intl/products/Roa-Andreas-kudu-leather-hiking-boots-1370495
218,Farley laced leather ankle boots,Paul Smith,"Rs33,550",https://assetsprx.matchesfashion.com/img/product/1375596_1_large.jpg,https://www.matchesfashion.com//intl/products/Paul-Smith-Farley-laced-leather-ankle-boots-1375596
219,Carver suede trainers,Paul Smith,"Rs15,355",https://assetsprx.matchesfashion.com/img/product/1375589_1_large.jpg,https://www.matchesfashion.com//intl/products/Paul-Smith-Carver-suede-trainers-1375589
220,SC Premiere faux-leather trainers,Adidas,"Rs7,865",https://assetsprx.matchesfashion.com/img/product/1358250_1_large.jpg,https://www.matchesfashion.com//intl/products/Adidas-SC-Premiere-faux-leather-trainers-1358250
221,Declan suede Chelsea boots,Grenson,"Rs22,460",https://assetsprx.matchesfashion.com/img/product/1366562_1_large.jpg,https://www.matchesfashion.com//intl/products/Grenson-Declan-suede-Chelsea-boots-1366562
222,Tasselled lace-up leather boots,Toga Virilis,"Rs33,550",https://assetsprx.matchesfashion.com/img/product/1369093_1_large.jpg,https://www.matchesfashion.com//intl/products/Toga-Virilis-Tasselled-lace-up-leather-boots-1369093
223,Deal II R leather derby shoes,Cheaney,"Rs29,950",https://assetsprx.matchesfashion.com/img/product/1374817_1_large.jpg,https://www.matchesfashion.com//intl/products/Cheaney-Deal-II-R-leather-derby-shoes-1374817
224,Pantome suede loafers,Jacques Soloviere,"Rs24,075",https://assetsprx.matchesfashion.com/img/product/1374796_1_large.jpg,https://www.matchesfashion.com//intl/products/Jacques-Soloviere-Pantome-suede-loafers-1374796
225,Giggies camouflage-print canvas trainers,Valentino Garavani,"Rs37,435",https://assetsprx.matchesfashion.com/img/product/1356058_1_large.jpg,https://www.matchesfashion.com//intl/products/Valentino-Garavani-Giggies-camouflage-print-canvas-trainers-1356058
226,Wing bi-colour leather trainers,Givenchy,"Rs46,915",https://assetsprx.matchesfashion.com/img/product/1354465_1_large.jpg,https://www.matchesfashion.com//intl/products/Givenchy-Wing-bi-colour-leather-trainers-1354465
227,Stacked-sole suede penny loafers,Our Legacy,"Rs29,190",https://assetsprx.matchesfashion.com/img/product/1353990_1_large.jpg,https://www.matchesfashion.com//intl/products/Our-Legacy-Stacked-sole-suede-penny-loafers-1353990
228,Tabi split-toe suede loafers,Maison Margiela,"Rs56,390",https://assetsprx.matchesfashion.com/img/product/1356524_1_large.jpg,https://www.matchesfashion.com//intl/products/Maison-Margiela-Tabi-split-toe-suede-loafers-1356524
229,Tread Slick platform-sole suede trainers,Alexander McQueen,"Rs35,540",https://assetsprx.matchesfashion.com/img/product/1355626_1_large.jpg,https://www.matchesfashion.com//intl/products/Alexander-McQueen-Tread-Slick-platform-sole-suede-trainers-1355626
230,City II leather oxford shoes,John Lobb,"Rs78,570",https://assetsprx.matchesfashion.com/img/product/1222816_1_large.jpg,https://www.matchesfashion.com//intl/products/John-Lobb-City-II-leather-oxford-shoes-1222816
231,Portofino logo-embossed leather trainers     ,Dolce & Gabbana,"Rs31,180",https://assetsprx.matchesfashion.com/img/product/1355457_1_large.jpg,https://www.matchesfashion.com//intl/products/Dolce-%26-Gabbana-Portofino-logo-embossed-leather-trainers--1355457
232,Exaggerated-sole suede-panelled leather trainers,Alexander McQueen,"Rs42,650",https://assetsprx.matchesfashion.com/img/product/1355623_1_large.jpg,https://www.matchesfashion.com//intl/products/Alexander-McQueen-Exaggerated-sole-suede-panelled-leather-trainers-1355623
233,Raised-sole leather and suede derby shoes,Alexander McQueen,"Rs38,670",https://assetsprx.matchesfashion.com/img/product/1355631_1_large.jpg,https://www.matchesfashion.com//intl/products/Alexander-McQueen-Raised-sole-leather-and-suede-derby-shoes-1355631
234,Ayrton fringed leather driving loafers,Gucci,"Rs41,040",https://assetsprx.matchesfashion.com/img/product/1356183_1_large.jpg,https://www.matchesfashion.com//intl/products/Gucci-Ayrton-fringed-leather-driving-loafers-1356183
235,Canvas tennis trainers ,Gucci,"Rs34,310",https://assetsprx.matchesfashion.com/img/product/1318319_1_large.jpg,https://www.matchesfashion.com//intl/products/Gucci-Canvas-tennis-trainers--1318319
236,Phyllis leather loafers ,Gucci,"Rs48,145",https://assetsprx.matchesfashion.com/img/product/1311808_1_large.jpg,https://www.matchesfashion.com//intl/products/Gucci-Phyllis-leather-loafers--1311808
237,Topstitched leather chelsea boots,Lemaire,"Rs39,805",https://assetsprx.matchesfashion.com/img/product/1370667_1_large.jpg,https://www.matchesfashion.com//intl/products/Lemaire-Topstitched-leather-chelsea-boots-1370667
238,Zipped leather boots,Lemaire,"Rs46,535",https://assetsprx.matchesfashion.com/img/product/1370666_1_large.jpg,https://www.matchesfashion.com//intl/products/Lemaire-Zipped-leather-boots-1370666
239,Harlyn pebbled-leather Derby shoes,John Lobb,"Rs93,925",https://assetsprx.matchesfashion.com/img/product/1370540_1_large.jpg,https://www.matchesfashion.com//intl/products/John-Lobb-Harlyn-pebbled-leather-Derby-shoes-1370540
